# Este documento descreve como devem ser criados, adicionados ou removidos os prémios da roleta.
# Se a primeira linha não comentada do CSV for 0, a roleta não pede email.
# Se for 1, mantém o funcionamento normal de pedir email.
# Na linha seguinte está escrito em que formato devem estar os prémios.
# Os pesos mínimos e máximos têm de ser, respetivamente, menores e maiores do que o peso base.
1
nome,peso_base,peso_min,peso_max
Caneta,20,15,23
Lápis,10,8,12
Moldura,25,20,30
Fita,5,3,7
Tente Novamente,65,60,70
Sem Prémio,80,75,90
Cupão Worten,15,10,20
Cupão Fnac,10,5,15